Word	Count
players	17
rule	14
1	14
one	14
35	12
game	11
get	11
also	10
dice	10
two	10
setting	10
good	9
use	9
dampd	8
like	8
multiclassing	8
class	8
official	7
system	7
character	7
4e	7
ive	7
something	6
playing	6
many	6
want	6
random	6
encounter	6
2	6
level	6
items	6
dd	5
etc	5
find	5
house	5
table	5
time	5
point	5
know	5
campaign	5
would	5
edition	5
always	5
run	5
dont	5
loot	5
pcs	5
spirit	5
wotc	5
world	5
changes	4
attack	4
dm	4
games	4
options	4
someone	4
im	4
settings	4
greyhawk	4
characters	4
fallout	4
tables	4
party	4
tools	4
found	4
way	4
classes	4
encounters	4
magic	4
give	4
fudge	4
sides	4
combat	4
favored	4
0	4
often	4
published	4
rules	3
group	3
roll	3
automatic	3
epic	3
failure	3
instead	3
turn	3
new	3
usually	3
however	3
rpg	3
wizards	3
ones	3
forgotten	3
realms	3
different	3
npc	3
talking	3
escalate	3
desert	3
anyone	3
anything	3
probably	3
monk	3
groups	3
isnt	3
make	3
name	3
looking	3
came	3
used	3
results	3
strategies	3
ways	3
normal	3
better	3
current	3
giving	3
require	3
certain	3
feel	3
fun	3
monsters	3
course	3
every	3
away	3
hit	3
best	3
added	3
4	3
hero	3
guide	3
choose	3
powers	3
youre	3
dragon	3
magazine	3
think	3
33	3
primary	2
pathfinder	2
natural	2
player	2
miss	2
bad	2
core	2
beginner	2
friendly	2
role	2
complex	2
first	2
gamers	2
others	2
people	2
roleplaying	2
organized	2
needed	2
started	2
trying	2
hobby	2
using	2
experienced	2
goal	2
really	2
keeping	2
questions	2
full	2
list	2
coast	2
tsr	2
following	2
longer	2
dragonlance	2
eberron	2
dogs	2
vineyard	2
escalation	2
levels	2
conflict	2
gunfight	2
inflict	2
id	2
irrelevant	2
since	2
especially	2
defense	2
constantly	2
abstract	2
across	2
cards	2
decided	2
remember	2
dealing	2
lot	2
particular	2
us	2
beneficial	2
design	2
dark	2
sun	2
season	2
podcasts	2
regularly	2
monster	2
complement	2
fire	2
beetles	2
need	2
deal	2
allowed	2
surprised	2
awesome	2
least	2
could	2
varying	2
come	2
ability	2
sessions	2
40	2
successful	2
chase	2
let	2
escape	2
around	2
may	2
back	2
retreating	2
speed	2
see	2
perhaps	2
rolled	2
either	2
gets	2
six	2
blank	2
number	2
slowly	2
properties	2
shaman	2
places	2
web	2
advertise	2
set	2
handle	2
power	2
xp	2
skill	2
theres	2
opposed	2
typically	2
gain	2
extra	2
bonus	2
feats	2
actually	2
sort	2
maneuver	2
recall	2
bards	2
multiclass	2
counting	2
order	2
dungeon	2
got	2
support	2
mostly	2
showed	2
mystara	2
basic	2
ravnica	2
gathering	2
wildemount	2
critical	2
theros	2
blackmoor	2
12	2
34	2
56	2
sign	2
particularly	2
dangerous	2
differences	1
brings	1
comparison	1
curious	1
made	1
explain	1
offer	1
fumble	1
currently	1
rolling	1
means	1
happens	1
–	1
dropping	1
sword	1
falling	1
prone	1
insists	1
part	1
reference	1
anywhere	1
actual	1
forgot	1
top	1
rpgs	1
extremely	1
hard	1
assume	1
even	1
saying	1
introduction	1
already	1
encyclopedia	1
walking	1
prospective	1
steps	1
intimidate	1
learn	1
obviously	1
variety	1
help	1
learning	1
curve	1
interested	1
specifically	1
stated	1
andor	1
job	1
someones	1
please	1
answer	1
mind	1
site	1
guidelines	1
systemrecommendation	1
hand	1
initially	1
updated	1
example	1
escalates	1
pc	1
shoot	1
tries	1
resolve	1
situation	1
evading	1
shots	1
acuitywill	1
consequently	1
still	1
enter	1
bright	1
desertspecific	1
—	1
suitable	1
convert	1
pretty	1
although	1
fantasy	1
optimize	1
offense	1
complaints	1
offensive	1
disarming	1
defenestration	1
wasnt	1
mentioned	1
experience	1
fought	1
defensively	1
brokenly	1
seeking	1
cardbased	1
small	1
indie	1
ago	1
tarotlike	1
drawn	1
interpreted	1
concepts	1
archtypes	1
direct	1
useful	1
physical	1
space	1
recently	1
moved	1
effective	1
continue	1
roleplayers	1
previous	1
home	1
skype	1
mapping	1
applications	1
techincal	1
sound	1
lighting	1
gameoriented	1
helped	1
ease	1
strangeness	1
without	1
everyone	1
advantage	1
dd4	1
featbased	1
achieve	1
facets	1
stepped	1
local	1
adventure	1
chapters	1
amp	1
happened	1
story	1
aside	1
private	1
sanctuary	1
cover	1
d20	1
writing	1
sewer	1
dms	1
released	1
fan	1
except	1
loved	1
equally	1
awful	1
sell	1
upgrades	1
rewards	1
parcels	1
whenever	1
possible	1
background	1
thought	1
useless	1
entertaining	1
understand	1
amount	1
allow	1
creative	1
adjudicate	1
generally	1
fight	1
free	1
automatically	1
1e0e	1
linger	1
later	1
read	1
3e4e	1
enemy	1
suicide	1
able	1
match	1
end	1
adjacent	1
link	1
middle	1
ground	1
thinking	1
round	1
person	1
chased	1
reengages	1
melee	1
ideas	1
httpwwwroleplayingtipscomreadissuephpnumber482	1
section	1
nullify	1
disadvantages	1
place	1
doesnt	1
methods	1
replace	1
term	1
sided	1
labeled	1
four	1
together	1
positive	1
inexperienced	1
create	1
incredible	1
little	1
overwhelming	1
discrepancy	1
integrating	1
arent	1
familiar	1
development	1
develop	1
mean	1
mature	1
change	1
personality	1
tool	1
trick	1
keep	1
track	1
8	1
raised	1
unsubstantial	1
float	1
supposedly	1
wants	1
pick	1
eagle	1
fly	1
things	1
hanging	1
onto	1
ceiling	1
relevant	1
encountered	1
issues	1
rulings	1
join	1
playbychat	1
wiki	1
obsidian	1
portal	1
advertised	1
couple	1
yahoo	1
dedicated	1
gaming	1
thanks	1
powergamer	1
munchkin	1
employ	1
gamer	1
outshines	1
rest	1
friend	1
boot	1
simply	1
nothing	1
mops	1
takes	1
gives	1
bonuses	1
hp	1
advanced	1
add	1
specific	1
raceclass	1
combos	1
fairly	1
large	1
smattering	1
stuff	1
heres	1
taste	1
races	1
powered	1
stats	1
stat	1
including	1
halforcs	1
abilities	1
terms	1
theyre	1
roughly	1
ecl	1
3e	1
race	1
1st	1
penalty	1
high	1
leveling	1
fill	1
dead	1
barbarians	1
rage	1
sorcerers	1
bloodlines	1
granted	1
effects	1
specializing	1
fighters	1
undeadturning	1
energy	1
channeling	1
aoe	1
heal	1
20th	1
encouraging	1
singleclassing	1
valid	1
option	1
maneuvers	1
defenses	1
boiled	1
numbers	1
3rd	1
common	1
unless	1
enjoys	1
humor	1
item	1
httpwwwmythweaverscomshowthreadphpt26674	1
ruling	1
ruleset	1
making	1
occasion	1
‎jreysts	1
terrain	1
sounds	1
everway	1
mid1990s	1
ever	1
feat	1
main	1
rogue	1
ranger	1
regular	1
handed	1
offhand	1
familar	1
arcane	1
yes	1
escalatey	1
addition	1
determined	1
action	1
done	1
youve	1
escalated	1
shooting	1
talk	1
certainly	1
past	1
systems	1
virtually	1
mandatory	1
wanted	1
qualify	1
prestige	1
seemed	1
benefits	1
greatly	1
jackofalltrades	1
nature	1
via	1
multiple	1
picking	1
sources	1
wish	1
pdf	1
supplement	1
insider	1
requires	1
subscription	1
correctly	1
offers	1
alternate	1
paragon	1
paths	1
destinies	1
well	1
3x	1
material	1
winner	1
search	1
keith	1
baker	1
biggest	1
ghostwalk	1
book	1
interesting	1
undead	1
lightly	1
supported	1
forget	1
wotcs	1
play	1
mahasarpa	1
southeast	1
asia	1
flavored	1
nentir	1
vale	1
aka	1
points	1
light	1
default	1
planescape	1
built	1
generic	1
ravenloft	1
next	1
year	1
rokugan	1
yeah	1
legends	1
five	1
rings	1
version	1
oriental	1
adventures	1
though	1
spelljammer	1
twice	1
known	1
30th	1
anniversary	1
mag	1
maybe	1
introduced	1
5th	1
guildmasters	1
exandria	1
explorers	1
mythic	1
odysseys	1
include	1
original	1
alqadim	1
arabian	1
knights	1
birthright	1
countries	1
council	1
wyrms	1
based	1
novels	1
jakandor	1
island	1
minisetting	1
pelinore	1
imagine	1
various	1
subregions	1
maztica	1
listing	1
third	1
lots	1
wikipedia	1
personally	1
initiative	1
rolls	1
slightly	1
increase	1
decrease	1
parties	1
rate	1
movement	1
lists	1
popular	1
everything	1
fumbles	1
easy	1
piss	1
pluses	1
minuses	1
blanks	1
right	1
d6	1
say	1
plus	1
minus	1
math	1
youll	1
standard	1
siders	1
willing	1
mark	1
pips	1
marker	1
3	1
5	1
6	1
win	1
meeting	1
powerful	1
scary	1
waiting	1
enough	1
inventing	1
runaway	1
desire	1
deadly	1
fearful	1
cases	1
try	1
dealt	1
dangers	1
general	1
powders	1
traps	1
throw	1
invent	1
assist	1
thats	1
likely	1
happen	1
heroes	1
running	1
